Abies,eg,Evergreen
Acer saccharum,sg,Summergreen
Alnus,sg,Summergreen
Amaranthaceae undiff.,uk,Unknown
Ambrosia,ol,Openland
Betula,sg,Summergreen
Ericales,eg,Evergreen
Fraxinus americana-type,sg,Summergreen
Fraxinus nigra,sg,Summergreen
Humulus,ol,Openland
Ilex/Nemopanthus,eg,Evergreen
Larix,sg,Summergreen
Ostrya/Carpinus,sg,Summergreen
Picea,eg,Evergreen
Pinus banksiana/P. resinosa,eg,Evergreen
Pinus strobus,eg,Evergreen
Poaceae,ol,Openland
Populus,sg,Summergreen
Quercus,sg,Summergreen
Typha latifolia,ol,Openland
Asteroideae undiff.,uk,Unknown
Carya,sg,Summergreen
Fagus,sg,Summergreen
Juglans nigra,sg,Summergreen
Plantago,ol,Openland
Salix,sg,Summergreen
Tsuga,eg,Evergreen
Ulmus,sg,Summergreen
Cyperaceae,ol,Openland
Rumex,ol,Openland
Acer rubrum,sg,Summergreen
Artemisia,ol,Openland
Galium,ol,Openland
Ephedra nevadensis-type,eg,Evergreen
Arceuthobium,uk,Unknown
Menyanthes trifoliata,ol,Openland
Platanus,sg,Summergreen
Tilia,sg,Summergreen
Corylus,sg,Summergreen
Juglans cinerea,sg,Summergreen
Pinus undiff.,uk,Unknown
Sarcobatus vermiculatus,ol,Openland
Cupressaceae,eg,Evergreen
Iva annua,ol,Openland
Myrica,sg,Summergreen
Sparganium-type,ol,Openland
Thalictrum,ol,Openland
Rosaceae,ol,Openland
Cyclachaena xanthiifolia,ol,Openland
Apiaceae,ol,Openland
Ericaceae,eg,Evergreen
Nuphar,ol,Openland
Pinus,eg,Evergreen
Cornus,sg,Summergreen
Asteraceae undiff.,uk,Unknown
Amaranthaceae,ol,Openland
Onagraceae,ol,Openland
Ambrosia-type,ol,Openland
Shepherdia canadensis,sg,Summergreen
Caryophyllaceae,ol,Openland
Dryas-type,ol,Openland
Ranunculaceae,ol,Openland
Alnus incana-type,sg,Summergreen
Alnus viridis-type,sg,Summergreen
Pinus subg. Pinus,eg,Evergreen
Pinus subg. Strobus,eg,Evergreen
Alnus undiff.,uk,Unknown
Ranunculus,ol,Openland
Potamogetonaceae,ol,Openland
Rubus,ol,Openland
Fraxinus,sg,Summergreen
Fabaceae,ol,Openland
Acer negundo,sg,Summergreen
Brassicaceae,ol,Openland
Dalea candida-type,sg,Summergreen
Myriophyllum,ol,Openland
Poaceae undiff.,uk,Unknown
Vitis,sg,Summergreen
Zea mays,ol,Openland
Morus,sg,Summergreen
Celtis,sg,Summergreen
Amorpha,sg,Summergreen
Dalea purpurea,sg,Summergreen
Xanthium,ol,Openland
Cichorioideae,ol,Openland
Castanea,sg,Summergreen
Lemna,ol,Openland
Ephedra torreyana-type,eg,Evergreen
Sagittaria,ol,Openland
Persicaria maculosa-type,ol,Openland
Alnus incana,sg,Summergreen
Alnus viridis,sg,Summergreen
Fabaceae undiff.,uk,Unknown
Fraxinus undiff.,uk,Unknown
Rosaceae undiff.,uk,Unknown
Acer undiff.,uk,Unknown
Fraxinus nigra-type,sg,Summergreen
Juniperus/Thuja,eg,Evergreen
Polygonaceae undiff.,uk,Unknown
Dalea,sg,Summergreen
Populus balsamifera,sg,Summergreen
Sanguisorba canadensis,ol,Openland
Fraxinus pennsylvanica,sg,Summergreen
Urtica-type,ol,Openland
Euphorbia,ol,Openland
Ephedra,eg,Evergreen
Saxifragaceae,ol,Openland
Shepherdia,sg,Summergreen
Nyssa,sg,Summergreen
Potentilla,ol,Openland
Asteraceae,ol,Openland
Fraxinus americana,sg,Summergreen
Acer,sg,Summergreen
Angiospermae undiff. (herbs),uk,Unknown
Acer sp.,sg,Summergreen
Malvaceae,ol,Openland
Juglans,sg,Summergreen
Lamiaceae,ol,Openland
Liliaceae,ol,Openland
Sparganium,ol,Openland
Potamogeton,ol,Openland
Ceanothus,sg,Summergreen
Alnus viridis subsp. crispa,sg,Summergreen
Sarcobatus,ol,Openland
Polygonum,ol,Openland
Ribes-type,sg,Summergreen
Drosera,ol,Openland
Spermatophyta undiff. (trees),uk,Unknown
Liquidambar,sg,Summergreen
Ilex,eg,Evergreen
Epilobium,ol,Openland
Polygonum sensu lato,ol,Openland
Urtica,ol,Openland
Abies balsamea,eg,Evergreen
Acer saccharinum-type,sg,Summergreen
Celtis occidentalis,sg,Summergreen
Chenopodium-type,ol,Openland
Fraxinus pennsylvanica-type,sg,Summergreen
Iva annua-type,ol,Openland
Juglans cf. J. cinerea,sg,Summergreen
Juglans cf. J. nigra,sg,Summergreen
Laportea-type,ol,Openland
Myriophyllum sibiricum-type,ol,Openland
Nymphaea,ol,Openland
Populus tremuloides-type,sg,Summergreen
Rhus/Toxicodendron cf. T. vernix,sg,Summergreen
Tilia americana,sg,Summergreen
Utricularia,ol,Openland
Humulus lupulus,ol,Openland
Larix laricina,sg,Summergreen
Chamaesyce,ol,Openland
Lycopus-type,ol,Openland
Rugubivesiculites,uk,Unknown
Rumex cf. R. salicifolius,ol,Openland
Taxus canadensis,eg,Evergreen
Aquilapollenites,uk,Unknown
Morus rubra,sg,Summergreen
Scutellaria cf. S. galericulata,ol,Openland
Scheuchzeria palustris,ol,Openland
Boraginaceae cf. Mertensia paniculata,ol,Openland
Cyclachaena xanthiifolia-type,ol,Openland
Ranunculus-type,ol,Openland
Retitetradites monocolpatus,uk,Unknown
Stuckenia,ol,Openland
Retitricolpites prolatus,uk,Unknown
cf. Clavabivesiculites pannosus,uk,Unknown
cf. Verrumonocolpites conspicuus,uk,Unknown
Calla palustris,ol,Openland
Verrumonoporites verrucatus,uk,Unknown
Brasenia schreberi,ol,Openland
Rhamnus,sg,Summergreen
Rhus,sg,Summergreen
Acer saccharinum,sg,Summergreen
Fraxinus pennsylvanica/F. americana-type,sg,Summergreen
Typha/Sparganium,ol,Openland
Dryas,ol,Openland
Oxyria digyna,ol,Openland
Picea cf. P. glauca,eg,Evergreen
Picea cf. P. mariana,eg,Evergreen
Picea undiff.,uk,Unknown
Ranunculaceae undiff.,uk,Unknown
Cornus canadensis,sg,Summergreen
Caryophyllaceae undiff.,uk,Unknown
Stellaria,ol,Openland
Rubus chamaemorus,ol,Openland
Saxifraga,ol,Openland
Acer spicatum,sg,Summergreen
Carya ovata,sg,Summergreen
Corylus cornuta,sg,Summergreen
Juniperus communis/Thuja occidentalis-type,eg,Evergreen
Juniperus-type,eg,Evergreen
Myrica gale,sg,Summergreen
Picea mariana-type,eg,Evergreen
Pinus banksiana-type,eg,Evergreen
Populus balsamifera-type,sg,Summergreen
Prunus pensylvanica,sg,Summergreen
Rumex-type,ol,Openland
Salix undiff.,uk,Unknown
Castanea dentata,sg,Summergreen
Tsuga canadensis,eg,Evergreen
cf. Callitriche,ol,Openland
Picea glauca-type,eg,Evergreen
Taxus,eg,Evergreen
Typha/Sparganium undiff.,uk,Unknown
Acer pensylvanicum,sg,Summergreen
Sambucus,sg,Summergreen
Typha angustifolia,ol,Openland
Viburnum opulus,sg,Summergreen
Arceuthobium pusillum,uk,Unknown
Viburnum edule,sg,Summergreen
Salix vestita-type,sg,Summergreen
Typha undiff.,uk,Unknown
Potamogetonaceae/Triglochin undiff.,uk,Unknown
Saxifraga cernua-type,ol,Openland
cf. Oxyria digyna,ol,Openland
Salix herbacea-type,sg,Summergreen
Populus grandidentata-type,sg,Summergreen
Rosaceae cf. Prunus serotina,ol,Openland
Saxifraga oppositifolia-type,ol,Openland
Oxytropis maydelliana-type,ol,Openland
Eriocaulon,ol,Openland
Prunus undiff.,uk,Unknown
Campanula-type,ol,Openland
Koenigia islandica,ol,Openland
Armeria maritima,ol,Openland
cf. Sarcobatus vermiculatus,ol,Openland
Polygonum sensu lato undiff.,uk,Unknown
Bistorta vivipara,ol,Openland
Rhamnus/Vitis,sg,Summergreen
Viburnum nudum,sg,Summergreen
Juniperus,eg,Evergreen
Opuntia,ol,Openland
Eriogonum,ol,Openland
Campanulaceae,ol,Openland
Rhamnaceae,sg,Summergreen
Elaeagnus commutata,sg,Summergreen
Viburnum,sg,Summergreen
cf. Diapensia lapponica,ol,Openland
Ostrya,sg,Summergreen
Potentilla-type,ol,Openland
Saxifraga oppositifolia,ol,Openland
Saxifragaceae undiff.,uk,Unknown
Papaver,ol,Openland
Plantago major,ol,Openland
Cephalanthus,sg,Summergreen
Acer saccharum-type,sg,Summergreen
Impatiens,ol,Openland
Rubiaceae undiff.,uk,Unknown
Acer macrophyllum-type,sg,Summergreen
Alnus rubra-type,sg,Summergreen
Chrysolepis,eg,Evergreen
Frangula purshiana-type,sg,Summergreen
Fraxinus latifolia,sg,Summergreen
Pinus contorta/P. ponderosa,eg,Evergreen
Populus trichocarpa-type,sg,Summergreen
Pseudotsuga menziesii,eg,Evergreen
Spiraea-type,sg,Summergreen
Taxus brevifolia,eg,Evergreen
Tsuga heterophylla,eg,Evergreen
Berberidaceae,sg,Summergreen
Caprifoliaceae sensu lato undiff.,uk,Unknown
Acer circinatum-type,sg,Summergreen
Pinus monticola/P. albicaulis,eg,Evergreen
Ranunculus aquatilis-type,ol,Openland
Lysichiton americanus,ol,Openland
Eudicotyledoneae (tricolporate),ol,Openland
Sanguisorba,ol,Openland
Garrya,sg,Summergreen
Tsuga mertensiana,eg,Evergreen
Polygonum californicum-type,ol,Openland
Gilia,ol,Openland
Camassia,ol,Openland
Heuchera-type,ol,Openland
Juncaceae,ol,Openland
Liliaceae undiff.,uk,Unknown
Bistorta bistortoides-type,ol,Openland
Dodecatheon,ol,Openland
Phlox,ol,Openland
Lemnoideae,ol,Openland
Elaeagnus,sg,Summergreen
Pseudotsuga,eg,Evergreen
Comarum palustre,ol,Openland
Campanula,ol,Openland
Humulus/Cannabis sativa,ol,Openland
Salsola,ol,Openland
Spiraea,sg,Summergreen
Dracocephalum-type,ol,Openland
Melilotus-type,ol,Openland
Toxicodendron vernix,sg,Summergreen
Persicaria lapathifolia-type,ol,Openland
cf. Eriogonum,ol,Openland
Sarracenia,ol,Openland
Primulaceae,ol,Openland
Caprifoliaceae sensu lato,sg,Summergreen
Populus undiff.,uk,Unknown
Fraxinus (tetracolpate),sg,Summergreen
Fraxinus (tricolpate),sg,Summergreen
Plantago lanceolata,ol,Openland
Cannabaceae sensu stricto,ol,Openland
Nemopanthus,sg,Summergreen
Gentianaceae,ol,Openland
Plantago undiff.,uk,Unknown
Myriophyllum alterniflorum,ol,Openland
Pinus resinosa-type,eg,Evergreen
Myriophyllum undiff.,uk,Unknown
Typha,ol,Openland
Ostrya-type,sg,Summergreen
Rubiaceae,ol,Openland
Spermatophyta undiff. (trees/shrubs),uk,Unknown
Hippuris vulgaris,ol,Openland
Alnus cf. A. incana,sg,Summergreen
Thuja-type,eg,Evergreen
Trifolium repens-type,ol,Openland
Alnus cf. A. viridis,sg,Summergreen
Humulus-type,ol,Openland
Agastache-type,ol,Openland
Juglans cinerea-type,sg,Summergreen
Myriophyllum alterniflorum-type,ol,Openland
Parietaria-type,ol,Openland
cf. Ceanothus,sg,Summergreen
Cyperaceae undiff.,uk,Unknown
Brassicaceae cf. Brassica,ol,Openland
Brassicaceae undiff.,uk,Unknown
Fallopia convolvulus-type,ol,Openland
Juglans nigra-type,sg,Summergreen
Rumex undiff.,uk,Unknown
Rumex acetosa-type,ol,Openland
Cyperaceae cf. Rhynchospora alba,ol,Openland
Plantago major-type,ol,Openland
Rhus/Toxicodendron cf. T. radicans,sg,Summergreen
cf. Phacelia hastata,ol,Openland
cf. Sambucus,sg,Summergreen
Dalea undiff.,uk,Unknown
Shepherdia argentea,sg,Summergreen
Stachys-type,ol,Openland
Persicaria amphibia-type,ol,Openland
cf. Myrica,sg,Summergreen
Carpinus,sg,Summergreen
Crataegus,sg,Summergreen
Urticaceae,ol,Openland
Pinus albicaulis-type,eg,Evergreen
Pinus contorta-type,eg,Evergreen
Amelanchier,sg,Summergreen
Sphaeralcea,ol,Openland
Elaeagnus/Shepherdia argentea,sg,Summergreen
Ulmaceae,sg,Summergreen
Bidens-type,ol,Openland
Bistorta officinalis-type,ol,Openland
Polemonium,ol,Openland
Indeterminable,uk,Unknown
Pinus subg. Pinus-type,eg,Evergreen
Pinus subg. Strobus-type,eg,Evergreen
Cichorieae,ol,Openland
Salsola-type,ol,Openland
Ruppia,ol,Openland
Dodecatheon-type,ol,Openland
Amelanchier-type,sg,Summergreen
Poaceae (Cerealia-type),ol,Openland
Caltha,ol,Openland
Epilobium-type,ol,Openland
Pinus strobus-type,eg,Evergreen
Potamogetonaceae-type,ol,Openland
Dalea candida,sg,Summergreen
Symphoricarpos occidentalis,sg,Summergreen
Pinaceae (vesiculate) undiff.,uk,Unknown
Valeriana sitchensis,ol,Openland
Apiaceae undiff.,uk,Unknown
Linnaea borealis,sg,Summergreen
Violaceae,ol,Openland
cf. Descurainia,ol,Openland
Cornus sericea,sg,Summergreen
Callitriche,ol,Openland
Heracleum,ol,Openland
Persicaria amphibia,ol,Openland
Caltha-type,ol,Openland
Nemopanthus mucronatus,sg,Summergreen
Polygonaceae,ol,Openland
Ribes,sg,Summergreen
Lonicera,sg,Summergreen
Geum-type,ol,Openland
Aquifoliaceae,eg,Evergreen
Rhamnaceae/Vitaceae,sg,Summergreen
Spermatophyta undiff. (aquatics),uk,Unknown
Rhamnaceae/Vitaceae undiff.,uk,Unknown
Morus rubra-type,sg,Summergreen
Persicaria maculosa,ol,Openland
Pinus subg. Pinus undiff.,uk,Unknown
Poaceae (Cerealia),ol,Openland
Pinus banksiana,eg,Evergreen
Angiospermae undiff.,uk,Unknown
Viola,ol,Openland
Pinus resinosa,eg,Evergreen
Cercocarpus-type,sg,Summergreen
Polygonum ramosissimum-type,ol,Openland
Ephedra viridis-type,eg,Evergreen
cf. Ceanothus velutinus,sg,Summergreen
cf. Pedicularis,ol,Openland
cf. Scrophulariaceae,ol,Openland
Spermatophyta undiff. (shrubs),uk,Unknown
Corylus americana,sg,Summergreen
Populus tremuloides,sg,Summergreen
Amorpha canescens,sg,Summergreen
Comptonia peregrina,sg,Summergreen
Caulophyllum,ol,Openland
Potamogetonaceae/Triglochin,ol,Openland
Ilex/Nemopanthus undiff.,uk,Unknown
Lonicera canadensis,sg,Summergreen
Rhamnus alnifolia/Frangula alnus,sg,Summergreen
Viburnum lentago,sg,Summergreen
Populus deltoides-type,sg,Summergreen
Rhamnus cathartica,sg,Summergreen
Sedum,ol,Openland
Chamaedaphne calyculata,eg,Evergreen
Polygalaceae,ol,Openland
Ericaceae undiff.,uk,Unknown
Cupressaceae undiff.,uk,Unknown
Prunus,sg,Summergreen
Heteranthera,ol,Openland
Alnus viridis subsp. crispa-type,sg,Summergreen
Coniferae undiff.,uk,Unknown
Picea glauca,eg,Evergreen
Picea mariana,eg,Evergreen
Alnus viridis subsp. sinuata-type,sg,Summergreen
Cupressaceae-type,eg,Evergreen
Rumex/Oxyria digyna,ol,Openland
Vaccinium,eg,Evergreen
Cassiope,eg,Evergreen
cf. Ostrya/Carpinus,uk,Unknown
Rhododendron subsect. Ledum,eg,Evergreen
Empetrum-type,eg,Evergreen
Larix/Pseudotsuga,sg,Summergreen
Betulaceae undiff.,uk,Unknown
Onagraceae undiff.,uk,Unknown
Rubus-type undiff.,uk,Unknown
Arctostaphylos uva-ursi,eg,Evergreen
Sambucus-type,sg,Summergreen
Hypericum,ol,Openland
Comarum palustre-type,ol,Openland
Viburnum undiff.,uk,Unknown
Plantaginaceae,ol,Openland
Acer nigrum,sg,Summergreen
Lycopus,ol,Openland
cf. Vitis,sg,Summergreen
Ericales undiff.,uk,Unknown
Cassiope-type,eg,Evergreen
Tofieldia,ol,Openland
Empetrum,eg,Evergreen
Rhododendron subsect. Ledum/Chamaedaphne calyculata,eg,Evergreen
Saxifraga-type,ol,Openland
Alnus rhombifolia-type,sg,Summergreen
Pseudotsuga-type,eg,Evergreen
Sanguisorba-type,ol,Openland
Fraxinus latifolia-type,sg,Summergreen
Berberis-type,sg,Summergreen
Phlox-type,ol,Openland
Ludwigia,ol,Openland
Prunus virginiana,sg,Summergreen
Viburnum alnifolium,sg,Summergreen
Plantaginaceae undiff.,uk,Unknown
Micranthes stellaris-type,ol,Openland
Cannabis sativa-type,ol,Openland
Platanus occidentalis,sg,Summergreen
Lithospermum,ol,Openland
Ephedra trifurca-type,eg,Evergreen
Prosopis,sg,Summergreen
Rhamnus alnifolia,sg,Summergreen
Zanthoxylum americanum,sg,Summergreen
Pilea-type,ol,Openland
Cirsium,ol,Openland
Decodon verticillatus,ol,Openland
Rumex-type undiff.,uk,Unknown
Juglans undiff.,uk,Unknown
Ephedra undiff.,uk,Unknown
Saxifraga undiff.,uk,Unknown
Micranthes pensylvanica,ol,Openland
Ruppia maritima,ol,Openland
Plantago canescens,ol,Openland
Alnus rubra,sg,Summergreen
Ericoideae,eg,Evergreen
Asteraceae (low spine),ol,Openland
Chenopodium,ol,Openland
Alnus viridis subsp. sinuata,sg,Summergreen
Cornaceae,sg,Summergreen
Betula undiff.,uk,Unknown
Symphoricarpos albus,sg,Summergreen
Coptis trifolia,ol,Openland
Limonium,ol,Openland
Chamaenerion latifolium,ol,Openland
Cornus suecica,sg,Summergreen
Iva,ol,Openland
Saxifragaceae-type,ol,Openland
Anemone-type,ol,Openland
Astragalus,ol,Openland
Helianthemum,sg,Summergreen
Primula,ol,Openland
Linaceae,ol,Openland
Diapensia,ol,Openland
Sium,ol,Openland
Geum,ol,Openland
Plumbaginaceae cf. Armeria,ol,Openland
Papaver-type,ol,Openland
Gentiana-type,ol,Openland
Rhinanthus,ol,Openland
Solanum,ol,Openland
Convolvulus,ol,Openland
Crassulaceae,ol,Openland
Geranium,ol,Openland
Glaux maritima,ol,Openland
Mentha-type,ol,Openland
Scleranthus,ol,Openland
Valeriana-type,ol,Openland
Alisma,ol,Openland
Elaeagnaceae,sg,Summergreen
Andromeda polifolia,eg,Evergreen
Monotropa,ol,Openland
Vaccinium undiff.,uk,Unknown
Cupressaceae cf. Thuja occidentalis,eg,Evergreen
Drosera rotundifolia-type,ol,Openland
Vaccinium angustifolium-type,eg,Evergreen
Sarracenia purpurea,ol,Openland
Prunus serotina,sg,Summergreen
Rhododendron canadense,eg,Evergreen
Vaccinium uliginosum-type,eg,Evergreen
Andromeda polifolia var. latifolia,eg,Evergreen
Vaccinium oxycoccos,eg,Evergreen
Elymus-type,ol,Openland
Amorpha-type,sg,Summergreen
Heliotropium,ol,Openland
Ranunculus undiff.,uk,Unknown
Triticum-type,ol,Openland
Avena-type,ol,Openland
Pinaceae undiff.,uk,Unknown
Secale-type,ol,Openland
Parietaria,ol,Openland
Solanum rostratum,ol,Openland
Polygonum tenue-type,ol,Openland
Gaura,ol,Openland
Verbena,ol,Openland
Momipites,uk,Unknown
Allium,ol,Openland
Campanula rotundifolia-type,ol,Openland
Parthenocissus,sg,Summergreen
Symphoricarpos-type,sg,Summergreen
Pediomelum-type,ol,Openland
Cardueae,ol,Openland
Sisyrinchium,ol,Openland
Anemone canadensis-type,ol,Openland
Tidestromia,ol,Openland
Hedysarum,ol,Openland
Ranunculus pensylvanicus-type,ol,Openland
Comandra,ol,Openland
Pedicularis,ol,Openland
Oenothera,ol,Openland
Cornus sericea-type,sg,Summergreen
Maclura pomifera-type,sg,Summergreen
Myricaceae,sg,Summergreen
Symphoricarpos,sg,Summergreen
Taxodium,sg,Summergreen
Moraceae undiff.,uk,Unknown
Pinus det. P. banksiana/P. resinosa,eg,Evergreen
Pinus det. P. strobus,eg,Evergreen
Lysimachia,ol,Openland
Angiospermae undiff. (upland herbs),uk,Unknown
Valeriana,ol,Openland
Androsace,ol,Openland
Lithocarpus-type,eg,Evergreen
Xanthium-type,ol,Openland
Lamiaceae undiff.,uk,Unknown
Prunus-type,sg,Summergreen
Polygonum aviculare-type,ol,Openland
cf. Dodecatheon,ol,Openland
Hydrophyllum,ol,Openland
Scrophulariaceae,ol,Openland
cf. Hedysarum,ol,Openland
Cercocarpus,sg,Summergreen
cf. Polygonum sensu lato,ol,Openland
Polemoniaceae,ol,Openland
Ephedra (simple folds),eg,Evergreen
Bistorta bistortoides,ol,Openland
Linum,ol,Openland
Polygonum californicum,ol,Openland
cf. Taxus,eg,Evergreen
Lysichiton,ol,Openland
Chrysolepis/Lithocarpus,eg,Evergreen
Iva undiff.,uk,Unknown
Boraginaceae,ol,Openland
Cuscuta,ol,Openland
Parnassia,ol,Openland
Myrica-type,sg,Summergreen
Crataegus-type,sg,Summergreen
Fallopia scandens-type,ol,Openland
Armeria,ol,Openland
cf. Xanthium,ol,Openland
cf. Saxifraga,ol,Openland
cf. Dryas,ol,Openland
Typha angustifolia-type,ol,Openland
Rumex acetosella,ol,Openland
Persicaria lapathifolia,ol,Openland
Lentibulariaceae,ol,Openland
Cornus racemosa,sg,Summergreen
Rumex mexicanus,ol,Openland
Papaveraceae,ol,Openland
Betula det. shrub,sg,Summergreen
Betula det. tree,sg,Summergreen
Picea det. P. mariana,eg,Evergreen
Picea det. P. glauca,eg,Evergreen
Portulaca,ol,Openland
Polygala,ol,Openland
Solanaceae,ol,Openland
Oxyria digyna-type,ol,Openland
Filipendula,ol,Openland
Diervilla lonicera,sg,Summergreen
Vitis riparia,sg,Summergreen
Micranthes cf. M. virginiensis,ol,Openland
Corylus undiff.,uk,Unknown
cf. Penthorum sedoides,ol,Openland
Pinaceae,eg,Evergreen
Iridaceae,ol,Openland
Pyrus-type,uk,Unknown
Scutellaria-type,ol,Openland
Convolvulus-type,ol,Openland
Chamaenerion angustifolium,ol,Openland
Elaeagnaceae undiff.,uk,Unknown
Fragaria-type,ol,Openland
Juncus,ol,Openland
Nymphaeaceae undiff.,uk,Unknown
Pinus contorta,eg,Evergreen
Pinus monticola,eg,Evergreen
Oenanthe,ol,Openland
Picea rubens-type,eg,Evergreen
Brassica,ol,Openland
Alnus (hexaporate),sg,Summergreen
Alnus (pentaporate),sg,Summergreen
Alnus (tetraporate),sg,Summergreen
Alnus (triporate),sg,Summergreen
Plantago maritima-type,ol,Openland
Betula glandulosa-type,sg,Summergreen
Betula nana,sg,Summergreen
Cicuta-type,ol,Openland
Pinus monticola-type,eg,Evergreen
Menispermum,sg,Summergreen
Dryas integrifolia,ol,Openland
cf. Mirabilis,uk,Unknown
cf. Campanula,ol,Openland
cf. Primula,ol,Openland
cf. Verbenaceae,ol,Openland
cf. Veronica,ol,Openland
Moraceae,sg,Summergreen
Fagopyrum,ol,Openland
Medicago,ol,Openland
Trifolium pratense,ol,Openland
Anemone quinquefolia-type,ol,Openland
Hedyotis,ol,Openland
Celastrus,sg,Summergreen
Hypoxis,ol,Openland
Zigadenus,ol,Openland
Tidestromia-type,ol,Openland
Zanthoxylum,sg,Summergreen
Gentiana andrewsii-type,ol,Openland
cf. Cercocarpus,sg,Summergreen
Triglochin,ol,Openland
cf. Bistorta bistortoides,ol,Openland
Rhus typhina,sg,Summergreen
Poaceae (Cerealia) undiff.,uk,Unknown
Zea,ol,Openland
Humulus/Cannabis,ol,Openland
Brassica-type,ol,Openland
Alismataceae undiff.,uk,Unknown
Echinodorus,ol,Openland
Elymus,ol,Openland
Sequoia,eg,Evergreen
Centaurea,ol,Openland
Hydrophyllaceae-type,ol,Openland
Rubiaceae cf. Galium,ol,Openland
Nymphaeaceae,ol,Openland
Ranunculus-type undiff.,uk,Unknown
Mentha arvensis,ol,Openland
Stellaria-type,ol,Openland
Rubus cf. R. chamaemorus,ol,Openland
Rumex/Oxyria digyna undiff.,uk,Unknown
Cornus undiff.,uk,Unknown
Lobelia-type,ol,Openland
Ononis-type,ol,Openland
Rosa,ol,Openland
Micranthes cf. M. punctata,ol,Openland
Micranthes cf. M. stellaris,ol,Openland
cf. Scheuchzeria palustris,ol,Openland
Melampyrum-type,ol,Openland
Myrica/Comptonia peregrina,sg,Summergreen
Littorella,uk,Unknown
Vitaceae,sg,Summergreen
Asteroideae,ol,Openland
Arctostaphylos,eg,Evergreen
Oxytropis-type,ol,Openland
Ranunculus sect. Batrachium,ol,Openland
Betula (20-25 Âµm),sg,Summergreen
Betula (<20 Âµm),sg,Summergreen
Betula (>25 Âµm),sg,Summergreen
Corylus-type,sg,Summergreen
Polygonum oxyspermum-type,ol,Openland
Ruppia maritima-type,ol,Openland
Rubus-type,ol,Openland
Galium-type,ol,Openland
Celtis-type,sg,Summergreen
Ambrosiinae,ol,Openland
Arctous alpina/A. rubra,eg,Evergreen
Thalictrum/Coptis,ol,Openland
Rhynchospora-type,ol,Openland
Cladium,ol,Openland
cf. Lysimachia,ol,Openland
Rhododendron subsect. Ledum-type,eg,Evergreen
Andromeda,eg,Evergreen
cf. Juglans,sg,Summergreen
Magnolia,sg,Summergreen
Aconitum,ol,Openland
Pedicularis lanceolata,ol,Openland
Pyrola,eg,Evergreen
Saxifraga tricuspidata,ol,Openland
Micranthes hieraciifolia,ol,Openland
Oxytropis,ol,Openland
Bupleurum,ol,Openland
Douglasia,ol,Openland
Mertensia-type,ol,Openland
Cnidium,ol,Openland
Saussurea,uk,Unknown
Saxifraga cernua,ol,Openland
Gentiana,ol,Openland
Lupinus,ol,Openland
Lagotis glauca,ol,Openland
Lesquerella,ol,Openland
Buxus,eg,Evergreen
Betula (>20 Âµm),sg,Summergreen
Liriodendron,sg,Summergreen
Portulacaceae,ol,Openland
Ceanothus-type,sg,Summergreen
Scrophulariaceae-type,ol,Openland
Vaccinium macrocarpon-type,eg,Evergreen
Kalmia,eg,Evergreen
Betulaceae,sg,Summergreen
Micranthes nivalis-type,ol,Openland
Saxifraga cf. S. hirculus,ol,Openland
Coptis-type,ol,Openland
Potamogetonaceae undiff.,uk,Unknown
Thalictrum cf. T. dasycarpum,ol,Openland
Thalictrum cf. T. dioicum,ol,Openland
Thalictrum venulosum-type,ol,Openland
Hydrophyllum cf. H. virginianum,ol,Openland
cf. Heuchera richardsonii,ol,Openland
Apiaceae cf. Sium suave,ol,Openland
Phacelia cf. P. franklinii,ol,Openland
Plantago rugelii,ol,Openland
Triantha glutinosa,ol,Openland
cf. Mertensia paniculata,ol,Openland
Ericaceae-type,eg,Evergreen
Phlox pilosa-type,ol,Openland
Acer negundo-type,sg,Summergreen
Medicago sativa,ol,Openland
Thalictrum-type,ol,Openland
cf. Robinia,sg,Summergreen
Cornus rugosa,sg,Summergreen
cf. Taxus canadensis,eg,Evergreen
Valerianella-type,ol,Openland
Cornus canadensis-type,sg,Summergreen
Garrya-type,sg,Summergreen
Eriogonum-type,ol,Openland
Clusiaceae,ol,Openland
Trifolium-type,ol,Openland
Trientalis,ol,Openland
Claytonia,ol,Openland
Lamiaceae cf. Stachys,ol,Openland
Euphorbiaceae,ol,Openland
cf. Saxifragaceae,ol,Openland
Brasenia,ol,Openland
Cephalanthus occidentalis,sg,Summergreen
Moneses uniflora,ol,Openland
Fabaceae cf. Melilotus,ol,Openland
cf. Rhamnus alnifolia,sg,Summergreen
Prunus americana-type,sg,Summergreen
Ranunculus flabellaris-type,ol,Openland
Gaultheria procumbens,eg,Evergreen
cf. Viburnum lentago,sg,Summergreen
Toxicodendron radicans-type,sg,Summergreen
cf. Amorpha,sg,Summergreen
Laportea,ol,Openland
Apocynum,ol,Openland
Eupatorium,ol,Openland
Caryophyllaceae cf. Dianthus,ol,Openland
Prunus/Sorbus,sg,Summergreen
Malvaceae sensu stricto,ol,Openland
Acer glabrum,sg,Summergreen
Acer circinatum,sg,Summergreen
Saxifraga tricuspidata-type,ol,Openland
Typha angustifolia/Sparganium,ol,Openland
Rosaceae (trees),ol,Openland
Pterocarya,sg,Summergreen
Frangula alnus,sg,Summergreen
Dicentra,ol,Openland
cf. Decodon verticillatus,ol,Openland
cf. Rhamnus,sg,Summergreen
cf. Geranium,ol,Openland
cf. Rumex,ol,Openland
cf. Shepherdia,sg,Summergreen
cf. Nymphaea,ol,Openland
Cannabaceae cf. Humulus,ol,Openland
cf. Ilex,eg,Evergreen
cf. Rhus,sg,Summergreen
Salix herbacea,sg,Summergreen
Plantago lanceolata-type,ol,Openland
Koenigia alaskana,ol,Openland
Rhododendron,eg,Evergreen
Circaea,ol,Openland
Cornus alternifolia,sg,Summergreen
Aralia hispida,sg,Summergreen
Anacardiaceae,sg,Summergreen
Acer macrophyllum,sg,Summergreen
Chrysolepis-type,eg,Evergreen
Shepherdia canadensis-type,sg,Summergreen
Arceuthobium americanum,uk,Unknown
Betula (shrub),sg,Summergreen
Betula (tree),sg,Summergreen
Impatiens capensis,ol,Openland
Cerastium-type,ol,Openland
Vicia-type,ol,Openland
Arenaria,ol,Openland
Dalea purpurea-type,sg,Summergreen
Pontederia,ol,Openland
Acer cf. A. pensylvanicum,sg,Summergreen
Gentiana douglasiana,ol,Openland
Caltha leptosepala,ol,Openland
Coptis aspleniifolia,ol,Openland
Achillea-type,ol,Openland
Avena/Triticum,ol,Openland
Hydrocotyle,ol,Openland
Acorus calamus,ol,Openland
Rhus typhina-type,sg,Summergreen
Toxicodendron radicans,sg,Summergreen
Gleditsia,sg,Summergreen
Ribes cf. R. glandulosum,sg,Summergreen
Lonicera involucrata,sg,Summergreen
Plantago uniflora,ol,Openland
Myosotis-type,ol,Openland
Carya cordiformis,sg,Summergreen
Pinguicula cf. P. villosa,ol,Openland
Eupatorium perfoliatum,ol,Openland
Parthenocissus vitacea,sg,Summergreen
Malva,ol,Openland
Pinus subg. Strobus undiff.,uk,Unknown
Ranunculaceae (tricolpate) undiff.,uk,Unknown
Ranunculaceae (pericolpate),ol,Openland
Pinus edulis-type,eg,Evergreen
cf. Parnassia,ol,Openland
Thuja plicata-type,eg,Evergreen
Viscaceae sensu stricto undiff.,uk,Unknown
Primulaceae undiff.,uk,Unknown
Mimulus,ol,Openland
Hypericum-type,ol,Openland
Rhynchospora,ol,Openland
Acalypha,ol,Openland
Cannabis sativa,ol,Openland
cf. Lysimachia thyrsiflora,ol,Openland
cf. Cephalanthus,sg,Summergreen
Plantago media,ol,Openland
Clethra,sg,Summergreen
Pontederiaceae,ol,Openland
Butomus umbellatus,ol,Openland
Heuchera,ol,Openland
Penstemon,ol,Openland
Trifolium,ol,Openland
Delphinium,ol,Openland
Fabaceae cf. Melilotus officinalis,ol,Openland
Fabaceae cf. Trifolium,ol,Openland
Myriophyllum verticillatum-type,ol,Openland
Rhynchospora alba,ol,Openland
Phacelia hastata-type,ol,Openland
Fraxinus/Platanus,sg,Summergreen
Caltha palustris,ol,Openland
Fragaria,ol,Openland
Lythraceae,ol,Openland
Fallopia convolvulus,ol,Openland
Maianthemum trifolia-type,ol,Openland
Fagus grandifolia,sg,Summergreen
Smilax,ol,Openland
Urtica dioica-type,ol,Openland
Liquidambar styraciflua,sg,Summergreen
Coptis,ol,Openland
cf. Gentiana,ol,Openland
Gaultheria,eg,Evergreen
Gaylussacia,sg,Summergreen
Bistorta officinalis,ol,Openland
Pedicularis groenlandica-type,ol,Openland
Holodiscus-type,sg,Summergreen
Potamogeton/Triglochin,ol,Openland
Pedicularis contorta-type,ol,Openland
Polemoniaceae undiff.,uk,Unknown
Drosera rotundifolia,ol,Openland
Sphaeralcea-type,ol,Openland
Ribes montigenum,sg,Summergreen
Lonicera caerulea,sg,Summergreen
Bistorta vivipara-type,ol,Openland
Cannabaceae sensu stricto undiff.,uk,Unknown
Sphaeralcea coccinea,ol,Openland
Micranthes hieraciifolia-type,ol,Openland
Brassicaceae-type undiff.,uk,Unknown
Rhamnus/Vitis undiff.,uk,Unknown
Ligusticum,ol,Openland
Amorpha fruticosa,sg,Summergreen
Cornus cf. C. rugosa,sg,Summergreen
Caulophyllum thalictroides,ol,Openland
Vitis cf. V. aestivalis,sg,Summergreen
Acalypha cf. A. rhomboidea,ol,Openland
Monotropa uniflora,ol,Openland
cf. Lobelia siphilitica,ol,Openland
Myosotis,ol,Openland
Prunus americana,sg,Summergreen
Thalictrum dasycarpum-type,ol,Openland
Triodanis,ol,Openland
Tidestromia lanuginosa,ol,Openland
cf. Arabis glabra,ol,Openland
Phlox cf. P. hoodii,ol,Openland
Thalictrum dioicum-type,ol,Openland
Myricaceae undiff.,uk,Unknown
Menyanthes trifoliata/Nephrophyllidium crista-galli,ol,Openland
Prunella-type,ol,Openland
Salix reticulata-type,sg,Summergreen
Ranunculus acris-type,ol,Openland
Prunus-type undiff.,uk,Unknown
Eupatorium-type,ol,Openland
Melampyrum,ol,Openland
Prunus cf. P. serotina,sg,Summergreen
Sorbus,sg,Summergreen
Nuphar polysepala,ol,Openland
Rosaceae (>20 Âµm),ol,Openland
cf. Fraxinus,sg,Summergreen
Quercus-type,sg,Summergreen
Rosaceae (<20 Âµm),ol,Openland
Quercus garryana,sg,Summergreen
cf. Populus,sg,Summergreen
Plectritis,ol,Openland
Acer cf. A. glabrum,sg,Summergreen
Potamogeton-type,ol,Openland
Hydrophyllum virginianum,ol,Openland
Lythrum alatum,ol,Openland
Lythrum salicaria,ol,Openland
Lewisia,ol,Openland
Secale,ol,Openland
Triticum,ol,Openland
Campanula aparinoides-type,ol,Openland
Myrica/Comptonia,sg,Summergreen
Lilium,ol,Openland
Gentiana puberulenta-type,ol,Openland
cf. Linaria canadensis,ol,Openland
cf. Tidestromia,ol,Openland
Rumex cf. R. verticillatus,ol,Openland
Viburnum cf. V. opulus,sg,Summergreen
cf. Parietaria pensylvanica,ol,Openland
Rosaceae cf. Rubus pubescens,ol,Openland
Sanguinaria canadensis,ol,Openland
Tofieldia pusilla,ol,Openland
cf. Mitella nuda,ol,Openland
Classopollis,uk,Unknown
Granabivesiculites inchoatus,uk,Unknown
Lythrum,ol,Openland
Zanthoxylum-type,sg,Summergreen
Lysimachia thyrsiflora,ol,Openland
Viburnum rafinesquianum-type,sg,Summergreen
Lilium philadelphicum-type,ol,Openland
Lysimachia quadriflora-type,ol,Openland
Viburnum opulus-type,sg,Summergreen
Viscaceae sensu stricto,sg,Summergreen
cf. Hypericum,ol,Openland
Hamamelis virginiana,sg,Summergreen
Hamamelidaceae,sg,Summergreen
Collinsia,ol,Openland
Linanthus,ol,Openland
Mertensia,ol,Openland
Purshia,sg,Summergreen
Silene,ol,Openland
Cactaceae,ol,Openland
Salix nigra,sg,Summergreen
Ranunculus flabellaris,ol,Openland
cf. Caltha,ol,Openland
Hamamelis,sg,Summergreen
Chamaesyce-type,ol,Openland
Poaceae (Cerealia-type) undiff.,uk,Unknown
Cirsium-type,ol,Openland
Sanicula,ol,Openland
Cannabis-type,ol,Openland
Euphorbiaceae cf. Chamaesyce,ol,Openland
Stachys,ol,Openland
Typha (tetrad),ol,Openland
Amaranthaceae-type,ol,Openland
Salsola kali,ol,Openland
Lemna-type,ol,Openland
Hypoxis hirsuta,ol,Openland
Lysimachia ciliata-type,ol,Openland
Astragalus-type,ol,Openland
Maclura-type,sg,Summergreen
Ambrosia/Iva,ol,Openland
Abies undiff.,uk,Unknown
Asteraceae (lophate),ol,Openland
Menyanthes,ol,Openland
Ranunculaceae (tricolpate),ol,Openland
Allium-type,ol,Openland
Prosopis cf. P. pubescens,sg,Summergreen
Valeriana edulis,ol,Openland
Thuja,eg,Evergreen
Eriophorum,ol,Openland
"Asteraceae (lophate, echinate)",ol,Openland
Hippuris,ol,Openland
Elodea,ol,Openland
Other plants,uk,Unknown
Pinus/Picea,eg,Evergreen
Syringa vulgaris,sg,Summergreen
Rhus glabra-type,sg,Summergreen
Penthorum sedoides,ol,Openland
Sagina,ol,Openland
Sium-type,ol,Openland
Fabaceae cf. Oxytropis,ol,Openland
Mitella-type,ol,Openland
Chenopodiaceae sensu stricto,ol,Openland
Cupressaceae/Taxaceae undiff.,uk,Unknown
Abies lasiocarpa,eg,Evergreen
Berberis,sg,Summergreen
Agoseris glauca-type,ol,Openland
Anthemis,ol,Openland
Solidago canadensis,ol,Openland
Myriophyllum sibiricum,ol,Openland
Picea/Pinus undiff.,uk,Unknown
Polygonum aviculare,ol,Openland
Caprifoliaceae,sg,Summergreen
Betula (small),sg,Summergreen
Cannabaceae,ol,Openland
Valerianoideae,ol,Openland
Aquilegia,ol,Openland
Hippocastanoideae,sg,Summergreen
Fraxinus-type,sg,Summergreen
Plantago cf. P. major,ol,Openland
Populus-type,sg,Summergreen
Unknown,uk,Unknown
cf. Urtica,ol,Openland
cf. Iva annua,ol,Openland
cf. Prunus serotina,sg,Summergreen
cf. Plantago,ol,Openland
cf. Polygonum,ol,Openland
Acer cf. A. negundo,sg,Summergreen
Betula/Ostrya,sg,Summergreen
cf. Castanea,sg,Summergreen
Acer (reticulate),sg,Summergreen
Acer (rugulate),sg,Summergreen
Acer (striate),sg,Summergreen
cf. Impatiens,ol,Openland
Acer cf. A. spicatum,sg,Summergreen
Utricularia vulgaris,ol,Openland
Nyctaginaceae,uk,Unknown
Cercis,sg,Summergreen
Alternanthera,ol,Openland
Amorpha cf. A. canescens,sg,Summergreen
Arabis,ol,Openland
Celastrus scandens,sg,Summergreen
Filipendula rubra,ol,Openland
Lilium philadelphicum,ol,Openland
Lonicera hirsuta,sg,Summergreen
Lotus,ol,Openland
Melilotus,ol,Openland
Nymphoides-type,ol,Openland
Phlox pilosa,ol,Openland
Potamogeton pectinatus-type,ol,Openland
Potentilla/Comarum,ol,Openland
Ranunculus sp.,ol,Openland
Sambucus racemosa,sg,Summergreen
Trifolium pratense-type,ol,Openland
Zizania aquatica,ol,Openland
cf. Hottonia palustris,uk,Unknown
cf. Stratiotes,ol,Openland
Malvaceae undiff.,uk,Unknown
Potamogeton natans-type,ol,Openland
Araceae undiff.,uk,Unknown
Boraginaceae undiff.,uk,Unknown
Hydrocharis,ol,Openland
Viola palustris,ol,Openland
Araceae cf. Calla,ol,Openland
Rhus sp.,sg,Summergreen
Maianthemum,ol,Openland
Houstonia,ol,Openland
Robinia,sg,Summergreen
cf. Hippuris,ol,Openland
cf. Adoxa moschatellina,uk,Unknown
Myriophyllum spicatum-type,ol,Openland
Vaccinium-type,eg,Evergreen
Potamogeton natans,ol,Openland
Hottonia-type,uk,Unknown
Oxalis,ol,Openland
Aconitum-type,ol,Openland
Verbascum-type,ol,Openland
Celtis/Maclura-type,sg,Summergreen
Ilex-type,eg,Evergreen
Primula farinosa-type,ol,Openland
Mentha,ol,Openland
Caprifoliaceae undiff.,uk,Unknown
Spergula-type,ol,Openland
Echinocystis lobata,uk,Unknown
Lonicera-type,sg,Summergreen
Betula (large),sg,Summergreen
Ambrosia/Iva annua,ol,Openland
Angiospermae undiff. (hardwood trees),uk,Unknown
Pinaceae (vesiculate),eg,Evergreen
Rorippa,ol,Openland
Triglochin maritima,ol,Openland
cf. Linum,ol,Openland
Rumex cf. R. britannica,ol,Openland
Linum cf. L. usitatissimum,ol,Openland
Sinapis arvensis,ol,Openland
Thalictrum confine-type,ol,Openland
Rumex cf. R. mexicanus,ol,Openland
cf. Euphorbia,ol,Openland
cf. Veronicastrum virginicum,ol,Openland
cf. Veronicastrum,ol,Openland
Fabaceae cf. tribe Psoraleeae,ol,Openland
Alnus cf. A. viridis subsp. crispa,sg,Summergreen
cf. Brassica,ol,Openland
Poaceae cf. Zea,ol,Openland
Trifolium cf. T. pratense,ol,Openland
Ranunculus trichophyllus-type,ol,Openland
Geraniaceae,ol,Openland
Pinus banksiana/P. resinosa-type,eg,Evergreen
Indeterminable undiff.,uk,Unknown
cf. Medicago,ol,Openland
Polygonum sensu lato (tricolporate),ol,Openland
Thalictrum undiff.,uk,Unknown
"Eudicotyledoneae (tricolporate, small)",ol,Openland
Lathyrus-type,ol,Openland
Psoraleeae,ol,Openland
Caryophyllaceae cf. Silene,ol,Openland
Diervilla,sg,Summergreen
cf. Thalictrum,ol,Openland
Polygonaceae (tricolporate),ol,Openland
Comptonia,sg,Summergreen
Artemisia-type,ol,Openland
Nephrophyllidium crista-galli,ol,Openland
Ceratophyllum,ol,Openland
Dipsacoideae,ol,Openland
Castanea-type,sg,Summergreen
Carex,ol,Openland
Acer rubrum-type,sg,Summergreen
Menispermaceae,sg,Summergreen
Planera aquatica,sg,Summergreen
Mitella,ol,Openland
Iris,ol,Openland
Scheuchzeria,ol,Openland
Chamaenerion angustifolium-type,ol,Openland
Veronica-type,ol,Openland
Oplopanax horridus,sg,Summergreen
Mitchella repens,ol,Openland
Actaea rubra,ol,Openland
Purshia tridentata,sg,Summergreen
Fabaceae cf. Astragalus,ol,Openland
Betula glandulosa,sg,Summergreen
Juniperus communis,eg,Evergreen
Cichorium-type,uk,Unknown
Cupressaceae/Taxaceae,eg,Evergreen
Proserpinaca,ol,Openland
Verbenaceae,ol,Openland
Symplocarpus,ol,Openland
Eleocharis,ol,Openland
Cabomba,ol,Openland
Anacardiaceae undiff.,uk,Unknown
Trillium,ol,Openland
Leitneria floridana,uk,Unknown
Sibbaldia procumbens,ol,Openland
Shepherdia undiff.,uk,Unknown
Ranunculus aquatilis,ol,Openland
Pinguicula,ol,Openland
Scrophulariaceae undiff.,uk,Unknown
Veronica,ol,Openland
Achillea,ol,Openland
Hydrocotyle-type,ol,Openland
Suaeda,ol,Openland
Asteraceae (high spine),ol,Openland
Maclura pomifera,sg,Summergreen
Coniferae,eg,Evergreen
Holodiscus,sg,Summergreen
Phacelia,ol,Openland
Rhamnaceae undiff.,uk,Unknown
Bistorta,ol,Openland
cf. Araceae,ol,Openland
Lactuca,ol,Openland
Plumbaginaceae,ol,Openland
Myriophyllum spicatum,ol,Openland
Arabis-type,ol,Openland
Saxifraga hirculus-type,ol,Openland
Maianthemum-type,ol,Openland
Cardamine-type,ol,Openland
Galeopsis-type,ol,Openland
Helianthus-type,ol,Openland
Urticaceae undiff.,uk,Unknown
Ipomoea,ol,Openland
Hystrix,ol,Openland
Menyanthaceae,ol,Openland
Linum perenne,ol,Openland
Amsinckia,ol,Openland
Delphinium-type,ol,Openland
Erythranthe guttata,ol,Openland
Mentzelia,uk,Unknown
Larix-type,sg,Summergreen
Agrimonia,ol,Openland
Araceae,ol,Openland
Butomus,ol,Openland
Clematis,ol,Openland
Apocynaceae,ol,Openland
Orchidaceae,ol,Openland
Leptospermum,eg,Evergreen
Lobelia,ol,Openland
Hydrocharitaceae,ol,Openland
Ulmus americana,sg,Summergreen
Bidens,ol,Openland
Arecaceae,ol,Openland
Limonium carolinianum,ol,Openland
Gaylussacia baccata,sg,Summergreen
Taraxacum,ol,Openland
Solidago,ol,Openland
Fagaceae,sg,Summergreen
Calendula,ol,Openland
Betula/Corylus,sg,Summergreen
Typha latifolia-type,ol,Openland
Parnassia palustris,ol,Openland
Tsuga undiff.,uk,Unknown
Sambucus nigra-type,sg,Summergreen
Crassulaceae undiff.,uk,Unknown
Solanum dulcamara,ol,Openland
Sparganium erectum-type,ol,Openland
Rumex acetosella-type,ol,Openland
Sambucus undiff.,uk,Unknown
Crassula,ol,Openland
Illecebrum,ol,Openland
Myriophyllum verticillatum,ol,Openland
Lotus-type,ol,Openland
Cornus suecica-type,sg,Summergreen
Stachys sylvatica-type,ol,Openland
Nyssa sylvatica,sg,Summergreen
Helianthus,ol,Openland
Suaeda calceoliformis,ol,Openland
Hudsonia,sg,Summergreen
cf. Morus,sg,Summergreen
cf. Cupressaceae,eg,Evergreen
Lonicera canadensis-type,sg,Summergreen
Linaria,ol,Openland
cf. Platanus,sg,Summergreen
Spergularia-type,ol,Openland
Chrysosplenium-type,ol,Openland
Anemone,ol,Openland
Rhus glabra,sg,Summergreen
Scrophularia,ol,Openland
Rhus undiff.,uk,Unknown
Aster,ol,Openland
Abronia latifolia,ol,Openland
Arenaria-type,ol,Openland
Conioselinum gmelinii,ol,Openland
Angelica-type,ol,Openland
Eriocaulon aquaticum,ol,Openland
Iris versicolor,ol,Openland
Stratiotes aloides,ol,Openland
Nymphoides,ol,Openland
Monocotyledoneae undiff.,uk,Unknown
Lamium,ol,Openland
cf. Viola,ol,Openland
cf. Utricularia,ol,Openland
Agastache,ol,Openland
Castilleja,ol,Openland
Ephedra nevadensis,eg,Evergreen
Leptosiphon,ol,Openland
Polygonum sect. Duravia,ol,Openland
Ranunculus orthorhynchus,ol,Openland
Cistanthe,ol,Openland
Persicaria cf. P. hydropiperoides,ol,Openland
Aster-type,ol,Openland
Trifolium repens,ol,Openland
Rosa-type,ol,Openland
Anthemis-type,ol,Openland
Stuckenia cf. S. pectinata,ol,Openland
Plantago major/P. media,ol,Openland
Knautia,ol,Openland
Taraxacum-type,ol,Openland
Myriophyllum-type,ol,Openland
Oxyria,ol,Openland
Galium boreale,ol,Openland
Galium aparine,ol,Openland
Typha angustata,ol,Openland
Viola palustris-type,ol,Openland
Typhaceae,ol,Openland
Spermatophyta undiff. (exotic),uk,Unknown
Chamaedaphne,eg,Evergreen
Prunella,ol,Openland
Picea sitchensis,eg,Evergreen
Muscari,ol,Openland
Trapa,ol,Openland
Stratiotes,ol,Openland
Listera,ol,Openland
Chrysosplenium,ol,Openland
Montia,ol,Openland
Platanaceae,sg,Summergreen
Betula/Myrica,sg,Summergreen
Silene dioica-type,ol,Openland
Rhododendron-type,eg,Evergreen
Astragalus alpinus,ol,Openland
Hypericum perforatum-type,ol,Openland
cf. Rubus arcticus,ol,Openland
Solidago-type,ol,Openland
Scilla-type,ol,Openland
Salix sp.,sg,Summergreen
Lithocarpus,eg,Evergreen
Celtis/Ulmus,sg,Summergreen
Ephedraceae,eg,Evergreen
Iva-type,ol,Openland
Loranthaceae,sg,Summergreen
Nyssaceae,sg,Summergreen
Radiola,uk,Unknown
Elodea-type,ol,Openland
Grossulariaceae,sg,Summergreen
Sarcobataceae,ol,Openland
Liliaceae-type,ol,Openland
Sapindaceae,sg,Summergreen
Rumex/Oxyria,ol,Openland
Kochia-type,uk,Unknown
Picea indet.,eg,Evergreen
Rhus/Toxicodendron,sg,Summergreen
Asteraceae cf. Cirsium,ol,Openland
Anemone patens,ol,Openland
Actaea-type,ol,Openland
Tsuga canadensis-type,eg,Evergreen
Momipites/Caryapollenites,uk,Unknown
Helianthemum-type,sg,Summergreen
Calylophus,ol,Openland
Zygophyllaceae,ol,Openland
Cassiope tetragona,eg,Evergreen
Salix arctica,sg,Summergreen
Salix reticulata,sg,Summergreen
Pinus jeffreyi-type,eg,Evergreen
Quercus undiff.,uk,Unknown
Quercus vaccinifolia,sg,Summergreen
Trientalis europaea,ol,Openland
Fritillaria camschatcensis,ol,Openland
Urtica dioica,ol,Openland
Aruncus,ol,Openland
Populus cf. P. tremuloides,sg,Summergreen
Typha (tetrad) undiff.,uk,Unknown
Navarretia,ol,Openland
Physalis,ol,Openland
Centaurea jacea-type,ol,Openland
Silene-type,ol,Openland
Apium-type,ol,Openland
Carduoideae undiff.,uk,Unknown
Arbutus,eg,Evergreen
Araliaceae,sg,Summergreen
Picea/Abies,eg,Evergreen
Castanopsis,sg,Summergreen
Ephedra fragilis-type,eg,Evergreen
Salvia,ol,Openland
Sorbus-type,sg,Summergreen
Phragmites,ol,Openland
Brassicaceae-type,ol,Openland
Sagittaria sagittifolia,ol,Openland
Vaccinium uliginosum,eg,Evergreen
Conioselinum,ol,Openland
Malus,sg,Summergreen
cf. Liliaceae,ol,Openland
Ledum-type,eg,Evergreen
Empetrum nigrum,eg,Evergreen
Heracleum lanatum,ol,Openland
Purshia-type,sg,Summergreen
Eucalyptus spike,eg,Evergreen
Betula papyrifera,sg,Summergreen
Spike,uk,Unknown
Amaranthus,ol,Openland
Araceae-type,ol,Openland
Monotropoideae,eg,Evergreen
Secale cereale,ol,Openland
Xyris,ol,Openland
Persicaria,ol,Openland
Pinus rigida,eg,Evergreen
Rutaceae,sg,Summergreen
cf. Parthenocissus,sg,Summergreen
Itea,sg,Summergreen
Cannabis,ol,Openland
Urticalean Rosids,uk,Unknown
Balsaminaceae,ol,Openland
Plantago-type,ol,Openland
Clethra-type,sg,Summergreen
Cassiope tetragona-type,eg,Evergreen
Empetrum nigrum-type,eg,Evergreen
Empetrum cf. E. nigrum,eg,Evergreen
Abronia,ol,Openland
Ligusticum calderi-type,ol,Openland
Menyanthes/Nephrophyllidium,ol,Openland
Cornus unalaschkensis,sg,Summergreen
Polemonium caeruleum,ol,Openland
Valeriana capitata,ol,Openland
Polemonium pulcherrimum-type,ol,Openland
Potentilla/Fragaria,ol,Openland
Carya-type,sg,Summergreen
Selinum,ol,Openland
Juglandaceae,sg,Summergreen
Convolvulaceae,ol,Openland
Cedrus,eg,Evergreen
Corylus/Myrica,sg,Summergreen
Cycadophyta,eg,Evergreen
Liliacidites,uk,Unknown
Oenothera sp.,ol,Openland
Podocarpaceae,eg,Evergreen
Aesculus,sg,Summergreen
Ulmus/Zelkova,sg,Summergreen
Cunninghamia,eg,Evergreen
Ginkgo,sg,Summergreen
Pseudolarix,sg,Summergreen
Sapotaceae,uk,Unknown
Oplopanax,sg,Summergreen
Erodium,ol,Openland
Centaurea-type,ol,Openland
Asteroideae-type,ol,Openland
Taxaceae,eg,Evergreen
Celastraceae,sg,Summergreen
Alismataceae,ol,Openland
Poaceae (<20 Âµm),ol,Openland
Zizania,ol,Openland
Andropogon,ol,Openland
Comarum,ol,Openland
Pinus flexilis-type,eg,Evergreen
Poa,ol,Openland
Agrostis,ol,Openland
Chimaphila,eg,Evergreen
Betula cf. B. occidentalis,sg,Summergreen
Eriogonum heracleoides-type,ol,Openland
Quercus gambelii-type,sg,Summergreen
cf. Ranunculus aquatilis,ol,Openland
Persicaria hydropiperoides-type,ol,Openland
cf. Cercocarpus ledifolius,sg,Summergreen
Eriogonum microtheca-type,ol,Openland
Pinus flexilis,eg,Evergreen
Gilia aggregata,ol,Openland
cf. Allium,ol,Openland
Polygonum douglasii-type,ol,Openland
cf. Brodiaea,uk,Unknown
Abies sp.,eg,Evergreen
Picea sp.,eg,Evergreen
Fritillaria,ol,Openland
Scutellaria galericulata,ol,Openland
Epilobium palustre,ol,Openland
Spermatophyta (tetrad),uk,Unknown
Typhaceae undiff.,uk,Unknown
Ambrosia artemisiifolia,ol,Openland
Betula spp.,sg,Summergreen
Salix spp.,sg,Summergreen
Thuja occidentalis,eg,Evergreen
Triglochin-type,ol,Openland
Artemisia ludoviciana,ol,Openland
Pinus indet.,eg,Evergreen
Salix-type,sg,Summergreen
Valerianaceae undiff.,uk,Unknown
Erigeron,ol,Openland
Antennaria,ol,Openland
Cichorioideae undiff.,uk,Unknown
Gilia-type,ol,Openland
Camassia-type,ol,Openland
Dicotyledoneae,ol,Openland
Sapindaceae undiff.,uk,Unknown
Eucalyptus,eg,Evergreen
Ilex verticillata,eg,Evergreen
Drosera anglica-type,ol,Openland
cf. Prunus,sg,Summergreen
Ostrya/Carpinus-type,sg,Summergreen
Pinus ponderosa,eg,Evergreen
Asteraceae-type,ol,Openland
Acacia,sg,Summergreen
Ambrosia sp.,ol,Openland
Castanea/Lithocarpus,sg,Summergreen
Coniferae (bisaccate) undiff.,uk,Unknown
"Eudicotyledoneae (tricolpate, prolate, psilate)",ol,Openland
"Eudicotyledoneae (tricolpate, spherical, psilate)",ol,Openland
cf. Brassicaceae,ol,Openland
Podocarpaceae/Cathaya-type,eg,Evergreen
cf. Rosaceae,ol,Openland
cf. Corylus,sg,Summergreen
cf. Sequoia,eg,Evergreen
cf. Nuphar,ol,Openland
Cercidiphyllum,sg,Summergreen
cf. Caryophyllaceae,ol,Openland
cf. Onagraceae,ol,Openland
Ericaceae cf. Vaccinium,eg,Evergreen
"Eudicotyledoneae (tricolpate, psilate)",ol,Openland
Aristolochiaceae,ol,Openland
Phrymaceae,ol,Openland
Cabombaceae,ol,Openland
Orobanchaceae,ol,Openland
Fagaceae cf. Castanopsis/Lithocarpus,sg,Summergreen
Fabaceae (polyad),ol,Openland
Keteleeria,eg,Evergreen
Salicaceae,sg,Summergreen
Hydrophyllaceae,ol,Openland
Senecio-type,ol,Openland
Agoseris-type,ol,Openland
Gentianella,ol,Openland
Eustoma,ol,Openland
